deck0,deck1,games,wins0,wins1,draws,errors,rate0_wins,rate0_games,rate0_rate,rate0_ci_low,rate0_ci_high
aywolfskirk,aywolfskirk,100,46,54,0,0,46.0,100,0.46,0.36560643853331865,0.5573531460647615
aywolfskirk,beidou_skirk_ayaka,100,80,20,0,0,80.0,100,0.8,0.7111690380734977,0.8666340774409013
aywolfskirk,double_geo_navia,100,22,78,0,0,22.0,100,0.22,0.15001174503655804,0.3107053471500031
aywolfskirk,dual_mualani_stacks,100,54,46,0,0,54.0,100,0.54,0.44264685393523856,0.6343935614666815
aywolfskirk,dvalin_bonk,100,30,70,0,0,30.0,100,0.3,0.21894753866228117,0.39585038432811953
aywolfskirk,electro_manifestation_nuke,100,36,64,0,0,36.0,100,0.36,0.2727107459049014,0.45764780018837914
aywolfskirk,electrocharged_moon,100,26,74,0,0,26.0,100,0.26,0.18404578126986462,0.35371172631861636
aywolfskirk,ice_water_battleship,100,82,18,0,0,82.0,100,0.82,0.7333246397578691,0.8829986834574896
aywolfskirk,klee_mavuika_mualani,100,44,56,0,0,44.0,100,0.44,0.34671865400968327,0.537720722887437
aywolfskirk,mualani_double_pyro,100,48,52,0,0,48.0,100,0.48,0.38464384320080547,0.5768359490982345
aywolfskirk,nahida_kokomi_raiden,100,34,66,0,0,34.0,100,0.34,0.25461379497543,0.43722454341689065
aywolfskirk,natlan_battleship,100,86,14,0,0,86.0,100,0.86,0.7786263961619276,0.914737342455351
aywolfskirk,shenhe_double_swirl,100,30,70,0,0,30.0,100,0.3,0.21894753866228117,0.39585038432811953
aywolfskirk,skirk_ayaka_navia,100,96,4,0,0,96.0,100,0.96,0.9016278276739262,0.984336949448152
aywolfskirk,skirk_chasca_freeze,100,94,6,0,0,94.0,100,0.94,0.8752303146877748,0.9722142547333433
aywolfskirk,superconduct_aggro,100,48,52,0,0,48.0,100,0.48,0.38464384320080547,0.5768359490982345
aywolfskirk,superconduct_mika_attack,100,56,44,0,0,56.0,100,0.56,0.4622792771125631,0.6532813459903167
aywolfskirk,trial_skirk_ayaka_navia,100,68,32,0,0,68.0,100,0.68,0.5833719774632081,0.7633098918454312
aywolfskirk,unyielding_geo,100,18,82,0,0,18.0,100,0.18,0.11700131654251038,0.26667536024213084
aywolfskirk,yelan_clorinde_ororon,100,48,52,0,0,48.0,100,0.48,0.38464384320080547,0.5768359490982345
beidou_skirk_ayaka,aywolfskirk,100,14,86,0,0,14.0,100,0.14,0.08526265754464905,0.22137360383807236
beidou_skirk_ayaka,beidou_skirk_ayaka,100,16,34,50,0,41.0,100,0.41,0.31867157095664655,0.5079874943890338
beidou_skirk_ayaka,double_geo_navia,100,2,96,2,0,3.0,100,0.03,0.010254338223414816,0.08452078080402699
beidou_skirk_ayaka,dual_mualani_stacks,100,6,92,2,0,7.0,100,0.07,0.034318824364064096,0.13749671006529757
beidou_skirk_ayaka,dvalin_bonk,100,2,98,0,0,2.0,100,0.02,0.005501852234968178,0.07001316294199367
beidou_skirk_ayaka,electro_manifestation_nuke,100,0,100,0,0,0.0,100,0.0,0.0,0.03699480747600191
beidou_skirk_ayaka,electrocharged_moon,100,10,90,0,0,10.0,100,0.1,0.05522854161313613,0.1743673043676654
beidou_skirk_ayaka,ice_water_battleship,100,52,46,2,0,53.0,100,0.53,0.4328868313724773,0.6248934801789626
beidou_skirk_ayaka,klee_mavuika_mualani,100,8,90,2,0,9.0,100,0.09,0.04807199516388488,0.16226374696643667
beidou_skirk_ayaka,mualani_double_pyro,100,14,82,4,0,16.0,100,0.16,0.10095202349473717,0.24420444558894414
beidou_skirk_ayaka,nahida_kokomi_raiden,100,8,90,2,0,9.0,100,0.09,0.04807199516388488,0.16226374696643667
beidou_skirk_ayaka,natlan_battleship,100,40,54,6,0,43.0,100,0.43,0.3373313900052838,0.5278478830413564
beidou_skirk_ayaka,shenhe_double_swirl,100,6,92,2,0,7.0,100,0.07,0.034318824364064096,0.13749671006529757
beidou_skirk_ayaka,skirk_ayaka_navia,100,38,60,2,0,39.0,100,0.39,0.300167219319702,0.48797163832501844
beidou_skirk_ayaka,skirk_chasca_freeze,100,54,46,0,0,54.0,100,0.54,0.44264685393523856,0.6343935614666815
beidou_skirk_ayaka,superconduct_aggro,100,22,76,2,0,23.0,100,0.23,0.15843154746876406,0.32154564856827694
beidou_skirk_ayaka,superconduct_mika_attack,100,4,96,0,0,4.0,100,0.04,0.015663050551848016,0.09837217232607373
beidou_skirk_ayaka,trial_skirk_ayaka_navia,100,20,76,4,0,22.0,100,0.22,0.15001174503655804,0.3107053471500031
beidou_skirk_ayaka,unyielding_geo,100,4,94,2,0,5.0,100,0.05,0.02154336145631356,0.11175196527208817
beidou_skirk_ayaka,yelan_clorinde_ororon,100,22,76,2,0,23.0,100,0.23,0.15843154746876406,0.32154564856827694
double_geo_navia,aywolfskirk,100,78,22,0,0,78.0,100,0.78,0.6892946528499969,0.849988254963442
double_geo_navia,beidou_skirk_ayaka,100,88,10,2,0,89.0,100,0.89,0.8136853697209698,0.9374586804477487
double_geo_navia,double_geo_navia,100,52,46,2,0,53.0,100,0.53,0.4328868313724773,0.6248934801789626
double_geo_navia,dual_mualani_stacks,100,74,26,0,0,74.0,100,0.74,0.6462882736813838,0.8159542187301354
double_geo_navia,dvalin_bonk,100,46,52,2,0,47.0,100,0.47,0.3751065198210374,0.5671131686275227
double_geo_navia,electro_manifestation_nuke,100,58,42,0,0,58.0,100,0.58,0.48206307998895276,0.672017750814887
double_geo_navia,electrocharged_moon,100,34,66,0,0,34.0,100,0.34,0.25461379497543,0.43722454341689065
double_geo_navia,ice_water_battleship,100,92,6,2,0,93.0,100,0.93,0.8625032899347026,0.9656811756359359
double_geo_navia,klee_mavuika_mualani,100,80,18,2,0,81.0,100,0.81,0.7222097592919214,0.8748534600729574
double_geo_navia,mualani_double_pyro,100,60,40,0,0,60.0,100,0.6,0.5020007846184025,0.6906002538863971
double_geo_navia,nahida_kokomi_raiden,100,66,32,2,0,67.0,100,0.67,0.5730516033971139,0.7543701620610456
double_geo_navia,natlan_battleship,100,96,2,2,0,97.0,100,0.97,0.915479219195973,0.9897456617765851
double_geo_navia,shenhe_double_swirl,100,52,48,0,0,52.0,100,0.52,0.4231640509017654,0.6153561567991945
double_geo_navia,skirk_ayaka_navia,100,96,2,2,0,97.0,100,0.97,0.915479219195973,0.9897456617765851
double_geo_navia,skirk_chasca_freeze,100,96,2,2,0,97.0,100,0.97,0.915479219195973,0.9897456617765851
double_geo_navia,superconduct_aggro,100,80,20,0,0,80.0,100,0.8,0.7111690380734977,0.8666340774409013
double_geo_navia,superconduct_mika_attack,100,70,30,0,0,70.0,100,0.7,0.6041496156718804,0.7810524613377188
double_geo_navia,trial_skirk_ayaka_navia,100,90,8,2,0,91.0,100,0.91,0.8377362530335634,0.9519280048361151
double_geo_navia,unyielding_geo,100,36,62,2,0,37.0,100,0.37,0.28182212569509163,0.46779652424866885
double_geo_navia,yelan_clorinde_ororon,100,90,10,0,0,90.0,100,0.9,0.8256326956323347,0.9447714583868639
dual_mualani_stacks,aywolfskirk,100,48,52,0,0,48.0,100,0.48,0.38464384320080547,0.5768359490982345
dual_mualani_stacks,beidou_skirk_ayaka,100,90,8,2,0,91.0,100,0.91,0.8377362530335634,0.9519280048361151
dual_mualani_stacks,double_geo_navia,100,30,68,2,0,31.0,100,0.31,0.22779563206132378,0.40626239477955695
dual_mualani_stacks,dual_mualani_stacks,100,48,52,0,0,48.0,100,0.48,0.38464384320080547,0.5768359490982345
dual_mualani_stacks,dvalin_bonk,100,22,78,0,0,22.0,100,0.22,0.15001174503655804,0.3107053471500031
dual_mualani_stacks,electro_manifestation_nuke,100,32,66,2,0,33.0,100,0.33,0.24562983793895452,0.4269483966028862
dual_mualani_stacks,electrocharged_moon,100,32,68,0,0,32.0,100,0.32,0.2366901081545688,0.4166280225367919
dual_mualani_stacks,ice_water_battleship,100,88,10,2,0,89.0,100,0.89,0.8136853697209698,0.9374586804477487
dual_mualani_stacks,klee_mavuika_mualani,100,44,56,0,0,44.0,100,0.44,0.34671865400968327,0.537720722887437
dual_mualani_stacks,mualani_double_pyro,100,54,44,2,0,55.0,100,0.55,0.4524442703164344,0.6438562489359654
dual_mualani_stacks,nahida_kokomi_raiden,100,34,64,2,0,35.0,100,0.35,0.2636410465347802,0.4474573957080203
dual_mualani_stacks,natlan_battleship,100,84,16,0,0,84.0,100,0.84,0.7557955544110557,0.8990479765052628
dual_mualani_stacks,shenhe_double_swirl,100,54,46,0,0,54.0,100,0.54,0.44264685393523856,0.6343935614666815
dual_mualani_stacks,skirk_ayaka_navia,100,90,8,2,0,91.0,100,0.91,0.8377362530335634,0.9519280048361151
dual_mualani_stacks,skirk_chasca_freeze,100,72,26,2,0,73.0,100,0.73,0.6356769977376873,0.8073053908233518
dual_mualani_stacks,superconduct_aggro,100,60,38,2,0,61.0,100,0.61,0.5120283616749817,0.699832780680298
dual_mualani_stacks,superconduct_mika_attack,100,48,52,0,0,48.0,100,0.48,0.38464384320080547,0.5768359490982345
dual_mualani_stacks,trial_skirk_ayaka_navia,100,60,38,2,0,61.0,100,0.61,0.5120283616749817,0.699832780680298
dual_mualani_stacks,unyielding_geo,100,8,90,2,0,9.0,100,0.09,0.04807199516388488,0.16226374696643667
dual_mualani_stacks,yelan_clorinde_ororon,100,52,46,2,0,53.0,100,0.53,0.4328868313724773,0.6248934801789626
dvalin_bonk,aywolfskirk,100,70,30,0,0,70.0,100,0.7,0.6041496156718804,0.7810524613377188
dvalin_bonk,beidou_skirk_ayaka,100,90,8,2,0,91.0,100,0.91,0.8377362530335634,0.9519280048361151
dvalin_bonk,double_geo_navia,100,50,48,2,0,51.0,100,0.51,0.4134784047743415,0.6057816990761385
dvalin_bonk,dual_mualani_stacks,100,56,42,2,0,57.0,100,0.57,0.4721521169586435,0.6626686099947162
dvalin_bonk,dvalin_bonk,100,64,34,2,0,65.0,100,0.65,0.5525426042919797,0.7363589534652197
dvalin_bonk,electro_manifestation_nuke,100,74,26,0,0,74.0,100,0.74,0.6462882736813838,0.8159542187301354
dvalin_bonk,electrocharged_moon,100,52,48,0,0,52.0,100,0.52,0.4231640509017654,0.6153561567991945
dvalin_bonk,ice_water_battleship,100,98,2,0,0,98.0,100,0.98,0.9299868370580063,0.9944981477650318
dvalin_bonk,klee_mavuika_mualani,100,56,42,2,0,57.0,100,0.57,0.4721521169586435,0.6626686099947162
dvalin_bonk,mualani_double_pyro,100,64,36,0,0,64.0,100,0.64,0.542352199811621,0.7272892540950986
dvalin_bonk,nahida_kokomi_raiden,100,66,32,2,0,67.0,100,0.67,0.5730516033971139,0.7543701620610456
dvalin_bonk,natlan_battleship,100,98,2,0,0,98.0,100,0.98,0.9299868370580063,0.9944981477650318
dvalin_bonk,shenhe_double_swirl,100,64,36,0,0,64.0,100,0.64,0.542352199811621,0.7272892540950986
dvalin_bonk,skirk_ayaka_navia,100,92,6,2,0,93.0,100,0.93,0.8625032899347026,0.9656811756359359
dvalin_bonk,skirk_chasca_freeze,100,96,4,0,0,96.0,100,0.96,0.9016278276739262,0.984336949448152
dvalin_bonk,superconduct_aggro,100,92,8,0,0,92.0,100,0.92,0.8500173312059693,0.9589070305141891
dvalin_bonk,superconduct_mika_attack,100,72,28,0,0,72.0,100,0.72,0.6251178763865427,0.7986044083240164
dvalin_bonk,trial_skirk_ayaka_navia,100,84,16,0,0,84.0,100,0.84,0.7557955544110557,0.8990479765052628
dvalin_bonk,unyielding_geo,100,36,64,0,0,36.0,100,0.36,0.2727107459049014,0.45764780018837914
dvalin_bonk,yelan_clorinde_ororon,100,84,16,0,0,84.0,100,0.84,0.7557955544110557,0.8990479765052628
electro_manifestation_nuke,aywolfskirk,100,56,44,0,0,56.0,100,0.56,0.4622792771125631,0.6532813459903167
electro_manifestation_nuke,beidou_skirk_ayaka,100,96,4,0,0,96.0,100,0.96,0.9016278276739262,0.984336949448152
electro_manifestation_nuke,double_geo_navia,100,44,56,0,0,44.0,100,0.44,0.34671865400968327,0.537720722887437
electro_manifestation_nuke,dual_mualani_stacks,100,72,28,0,0,72.0,100,0.72,0.6251178763865427,0.7986044083240164
electro_manifestation_nuke,dvalin_bonk,100,34,66,0,0,34.0,100,0.34,0.25461379497543,0.43722454341689065
electro_manifestation_nuke,electro_manifestation_nuke,100,54,46,0,0,54.0,100,0.54,0.44264685393523856,0.6343935614666815
electro_manifestation_nuke,electrocharged_moon,100,46,54,0,0,46.0,100,0.46,0.36560643853331865,0.5573531460647615
electro_manifestation_nuke,ice_water_battleship,100,94,6,0,0,94.0,100,0.94,0.8752303146877748,0.9722142547333433
electro_manifestation_nuke,klee_mavuika_mualani,100,60,40,0,0,60.0,100,0.6,0.5020007846184025,0.6906002538863971
electro_manifestation_nuke,mualani_double_pyro,100,58,42,0,0,58.0,100,0.58,0.48206307998895276,0.672017750814887
electro_manifestation_nuke,nahida_kokomi_raiden,100,56,44,0,0,56.0,100,0.56,0.4622792771125631,0.6532813459903167
electro_manifestation_nuke,natlan_battleship,100,98,2,0,0,98.0,100,0.98,0.9299868370580063,0.9944981477650318
electro_manifestation_nuke,shenhe_double_swirl,100,58,42,0,0,58.0,100,0.58,0.48206307998895276,0.672017750814887
electro_manifestation_nuke,skirk_ayaka_navia,100,96,4,0,0,96.0,100,0.96,0.9016278276739262,0.984336949448152
electro_manifestation_nuke,skirk_chasca_freeze,100,88,12,0,0,88.0,100,0.88,0.8018773199709163,0.9300066263473222
electro_manifestation_nuke,superconduct_aggro,100,58,42,0,0,58.0,100,0.58,0.48206307998895276,0.672017750814887
electro_manifestation_nuke,superconduct_mika_attack,100,82,18,0,0,82.0,100,0.82,0.7333246397578691,0.8829986834574896
electro_manifestation_nuke,trial_skirk_ayaka_navia,100,94,6,0,0,94.0,100,0.94,0.8752303146877748,0.9722142547333433
electro_manifestation_nuke,unyielding_geo,100,36,64,0,0,36.0,100,0.36,0.2727107459049014,0.45764780018837914
electro_manifestation_nuke,yelan_clorinde_ororon,100,72,28,0,0,72.0,100,0.72,0.6251178763865427,0.7986044083240164
electrocharged_moon,aywolfskirk,100,86,14,0,0,86.0,100,0.86,0.7786263961619276,0.914737342455351
electrocharged_moon,beidou_skirk_ayaka,100,80,20,0,0,80.0,100,0.8,0.7111690380734977,0.8666340774409013
electrocharged_moon,double_geo_navia,100,58,40,2,0,59.0,100,0.59,0.4920125056109662,0.6813284290433533
electrocharged_moon,dual_mualani_stacks,100,76,24,0,0,76.0,100,0.76,0.6676748127670786,0.8330878873454004
electrocharged_moon,dvalin_bonk,100,50,50,0,0,50.0,100,0.5,0.40382982859014716,0.5961701714098528
electrocharged_moon,electro_manifestation_nuke,100,48,52,0,0,48.0,100,0.48,0.38464384320080547,0.5768359490982345
electrocharged_moon,electrocharged_moon,100,44,56,0,0,44.0,100,0.44,0.34671865400968327,0.537720722887437
electrocharged_moon,ice_water_battleship,100,96,2,2,0,97.0,100,0.97,0.915479219195973,0.9897456617765851
electrocharged_moon,klee_mavuika_mualani,100,76,24,0,0,76.0,100,0.76,0.6676748127670786,0.8330878873454004
electrocharged_moon,mualani_double_pyro,100,52,48,0,0,52.0,100,0.52,0.4231640509017654,0.6153561567991945
electrocharged_moon,nahida_kokomi_raiden,100,68,32,0,0,68.0,100,0.68,0.5833719774632081,0.7633098918454312
electrocharged_moon,natlan_battleship,100,98,2,0,0,98.0,100,0.98,0.9299868370580063,0.9944981477650318
electrocharged_moon,shenhe_double_swirl,100,66,34,0,0,66.0,100,0.66,0.5627754565831095,0.74538620502457
electrocharged_moon,skirk_ayaka_navia,100,98,0,2,0,99.0,100,0.99,0.9455124752390653,0.9982326134344526
electrocharged_moon,skirk_chasca_freeze,100,96,4,0,0,96.0,100,0.96,0.9016278276739262,0.984336949448152
electrocharged_moon,superconduct_aggro,100,76,24,0,0,76.0,100,0.76,0.6676748127670786,0.8330878873454004
electrocharged_moon,superconduct_mika_attack,100,76,24,0,0,76.0,100,0.76,0.6676748127670786,0.8330878873454004
electrocharged_moon,trial_skirk_ayaka_navia,100,72,28,0,0,72.0,100,0.72,0.6251178763865427,0.7986044083240164
electrocharged_moon,unyielding_geo,100,56,44,0,0,56.0,100,0.56,0.4622792771125631,0.6532813459903167
electrocharged_moon,yelan_clorinde_ororon,100,58,40,2,0,59.0,100,0.59,0.4920125056109662,0.6813284290433533
ice_water_battleship,aywolfskirk,100,14,86,0,0,14.0,100,0.14,0.08526265754464905,0.22137360383807236
ice_water_battleship,beidou_skirk_ayaka,100,40,58,2,0,41.0,100,0.41,0.31867157095664655,0.5079874943890338
ice_water_battleship,double_geo_navia,100,2,96,2,0,3.0,100,0.03,0.010254338223414816,0.08452078080402699
ice_water_battleship,dual_mualani_stacks,100,12,88,0,0,12.0,100,0.12,0.06999337365267776,0.19812268002908368
ice_water_battleship,dvalin_bonk,100,2,98,0,0,2.0,100,0.02,0.005501852234968178,0.07001316294199367
ice_water_battleship,electro_manifestation_nuke,100,4,96,0,0,4.0,100,0.04,0.015663050551848016,0.09837217232607373
ice_water_battleship,electrocharged_moon,100,2,98,0,0,2.0,100,0.02,0.005501852234968178,0.07001316294199367
ice_water_battleship,ice_water_battleship,100,54,42,4,0,56.0,100,0.56,0.4622792771125631,0.6532813459903167
ice_water_battleship,klee_mavuika_mualani,100,14,84,2,0,15.0,100,0.15,0.09305903191162297,0.23283733332157835
ice_water_battleship,mualani_double_pyro,100,10,88,2,0,11.0,100,0.11,0.06254131955225126,0.18631463027903022
ice_water_battleship,nahida_kokomi_raiden,100,4,94,2,0,5.0,100,0.05,0.02154336145631356,0.11175196527208817
ice_water_battleship,natlan_battleship,100,26,68,6,0,29.0,100,0.29,0.21014706973984146,0.38539074940007934
ice_water_battleship,shenhe_double_swirl,100,6,94,0,0,6.0,100,0.06,0.02778574526665662,0.12476968531222507
ice_water_battleship,skirk_ayaka_navia,100,56,42,2,0,57.0,100,0.57,0.4721521169586435,0.6626686099947162
ice_water_battleship,skirk_chasca_freeze,100,58,40,2,0,59.0,100,0.59,0.4920125056109662,0.6813284290433533
ice_water_battleship,superconduct_aggro,100,10,88,2,0,11.0,100,0.11,0.06254131955225126,0.18631463027903022
ice_water_battleship,superconduct_mika_attack,100,6,94,0,0,6.0,100,0.06,0.02778574526665662,0.12476968531222507
ice_water_battleship,trial_skirk_ayaka_navia,100,24,70,6,0,27.0,100,0.27,0.1926946091766482,0.3643230022623127
ice_water_battleship,unyielding_geo,100,2,96,2,0,3.0,100,0.03,0.010254338223414816,0.08452078080402699
ice_water_battleship,yelan_clorinde_ororon,100,8,90,2,0,9.0,100,0.09,0.04807199516388488,0.16226374696643667
klee_mavuika_mualani,aywolfskirk,100,60,40,0,0,60.0,100,0.6,0.5020007846184025,0.6906002538863971
klee_mavuika_mualani,beidou_skirk_ayaka,100,78,20,2,0,79.0,100,0.79,0.7001985069803768,0.8583445046835422
klee_mavuika_mualani,double_geo_navia,100,16,82,2,0,17.0,100,0.17,0.10893476059773154,0.25548181233642975
klee_mavuika_mualani,dual_mualani_stacks,100,64,34,2,0,65.0,100,0.65,0.5525426042919797,0.7363589534652197
klee_mavuika_mualani,dvalin_bonk,100,20,80,0,0,20.0,100,0.2,0.1333659225590988,0.28883096192650237
klee_mavuika_mualani,electro_manifestation_nuke,100,36,64,0,0,36.0,100,0.36,0.2727107459049014,0.45764780018837914
klee_mavuika_mualani,electrocharged_moon,100,36,64,0,0,36.0,100,0.36,0.2727107459049014,0.45764780018837914
klee_mavuika_mualani,ice_water_battleship,100,86,12,2,0,87.0,100,0.87,0.7901947810519012,0.9224290614158575
klee_mavuika_mualani,klee_mavuika_mualani,100,54,46,0,0,54.0,100,0.54,0.44264685393523856,0.6343935614666815
klee_mavuika_mualani,mualani_double_pyro,100,36,62,2,0,37.0,100,0.37,0.28182212569509163,0.46779652424866885
klee_mavuika_mualani,nahida_kokomi_raiden,100,48,50,2,0,49.0,100,0.49,0.39421830092386145,0.5865215952256586
klee_mavuika_mualani,natlan_battleship,100,78,20,2,0,79.0,100,0.79,0.7001985069803768,0.8583445046835422
klee_mavuika_mualani,shenhe_double_swirl,100,56,44,0,0,56.0,100,0.56,0.4622792771125631,0.6532813459903167
klee_mavuika_mualani,skirk_ayaka_navia,100,82,16,2,0,83.0,100,0.83,0.7445181876635703,0.8910652394022684
klee_mavuika_mualani,skirk_chasca_freeze,100,84,16,0,0,84.0,100,0.84,0.7557955544110557,0.8990479765052628
klee_mavuika_mualani,superconduct_aggro,100,50,48,2,0,51.0,100,0.51,0.4134784047743415,0.6057816990761385
klee_mavuika_mualani,superconduct_mika_attack,100,40,60,0,0,40.0,100,0.4,0.3093997461136028,0.4979992153815976
klee_mavuika_mualani,trial_skirk_ayaka_navia,100,68,30,2,0,69.0,100,0.69,0.5937376052204429,0.7722043679386762
klee_mavuika_mualani,unyielding_geo,100,2,96,2,0,3.0,100,0.03,0.010254338223414816,0.08452078080402699
klee_mavuika_mualani,yelan_clorinde_ororon,100,76,22,2,0,77.0,100,0.77,0.6784543514317231,0.841568452531236
mualani_double_pyro,aywolfskirk,100,44,56,0,0,44.0,100,0.44,0.34671865400968327,0.537720722887437
mualani_double_pyro,beidou_skirk_ayaka,100,84,4,12,0,90.0,100,0.9,0.8256326956323347,0.9447714583868639
mualani_double_pyro,double_geo_navia,100,34,66,0,0,34.0,100,0.34,0.25461379497543,0.43722454341689065
mualani_double_pyro,dual_mualani_stacks,100,50,50,0,0,50.0,100,0.5,0.40382982859014716,0.5961701714098528
mualani_double_pyro,dvalin_bonk,100,34,66,0,0,34.0,100,0.34,0.25461379497543,0.43722454341689065
mualani_double_pyro,electro_manifestation_nuke,100,40,60,0,0,40.0,100,0.4,0.3093997461136028,0.4979992153815976
mualani_double_pyro,electrocharged_moon,100,40,60,0,0,40.0,100,0.4,0.3093997461136028,0.4979992153815976
mualani_double_pyro,ice_water_battleship,100,80,18,2,0,81.0,100,0.81,0.7222097592919214,0.8748534600729574
mualani_double_pyro,klee_mavuika_mualani,100,62,38,0,0,62.0,100,0.62,0.5220957382071033,0.7090255079986562
mualani_double_pyro,mualani_double_pyro,100,52,46,2,0,53.0,100,0.53,0.4328868313724773,0.6248934801789626
mualani_double_pyro,nahida_kokomi_raiden,100,40,60,0,0,40.0,100,0.4,0.3093997461136028,0.4979992153815976
mualani_double_pyro,natlan_battleship,100,88,10,2,0,89.0,100,0.89,0.8136853697209698,0.9374586804477487
mualani_double_pyro,shenhe_double_swirl,100,48,52,0,0,48.0,100,0.48,0.38464384320080547,0.5768359490982345
mualani_double_pyro,skirk_ayaka_navia,100,86,12,2,0,87.0,100,0.87,0.7901947810519012,0.9224290614158575
mualani_double_pyro,skirk_chasca_freeze,100,78,20,2,0,79.0,100,0.79,0.7001985069803768,0.8583445046835422
mualani_double_pyro,superconduct_aggro,100,46,54,0,0,46.0,100,0.46,0.36560643853331865,0.5573531460647615
mualani_double_pyro,superconduct_mika_attack,100,48,52,0,0,48.0,100,0.48,0.38464384320080547,0.5768359490982345
mualani_double_pyro,trial_skirk_ayaka_navia,100,82,18,0,0,82.0,100,0.82,0.7333246397578691,0.8829986834574896
mualani_double_pyro,unyielding_geo,100,12,86,2,0,13.0,100,0.13,0.07757093858414264,0.20980521894809878
mualani_double_pyro,yelan_clorinde_ororon,100,60,38,2,0,61.0,100,0.61,0.5120283616749817,0.699832780680298
nahida_kokomi_raiden,aywolfskirk,100,72,28,0,0,72.0,100,0.72,0.6251178763865427,0.7986044083240164
nahida_kokomi_raiden,beidou_skirk_ayaka,100,82,16,2,0,83.0,100,0.83,0.7445181876635703,0.8910652394022684
nahida_kokomi_raiden,double_geo_navia,100,38,60,2,0,39.0,100,0.39,0.300167219319702,0.48797163832501844
nahida_kokomi_raiden,dual_mualani_stacks,100,64,36,0,0,64.0,100,0.64,0.542352199811621,0.7272892540950986
nahida_kokomi_raiden,dvalin_bonk,100,28,70,2,0,29.0,100,0.29,0.21014706973984146,0.38539074940007934
nahida_kokomi_raiden,electro_manifestation_nuke,100,38,62,0,0,38.0,100,0.38,0.2909744920013438,0.47790426179289663
nahida_kokomi_raiden,electrocharged_moon,100,48,52,0,0,48.0,100,0.48,0.38464384320080547,0.5768359490982345
nahida_kokomi_raiden,ice_water_battleship,100,96,4,0,0,96.0,100,0.96,0.9016278276739262,0.984336949448152
nahida_kokomi_raiden,klee_mavuika_mualani,100,82,16,2,0,83.0,100,0.83,0.7445181876635703,0.8910652394022684
nahida_kokomi_raiden,mualani_double_pyro,100,64,34,2,0,65.0,100,0.65,0.5525426042919797,0.7363589534652197
nahida_kokomi_raiden,nahida_kokomi_raiden,100,48,50,2,0,49.0,100,0.49,0.39421830092386145,0.5865215952256586
nahida_kokomi_raiden,natlan_battleship,100,94,4,2,0,95.0,100,0.95,0.8882480347279118,0.9784566385436864
nahida_kokomi_raiden,shenhe_double_swirl,100,36,64,0,0,36.0,100,0.36,0.2727107459049014,0.45764780018837914
nahida_kokomi_raiden,skirk_ayaka_navia,100,96,2,2,0,97.0,100,0.97,0.915479219195973,0.9897456617765851
nahida_kokomi_raiden,skirk_chasca_freeze,100,94,6,0,0,94.0,100,0.94,0.8752303146877748,0.9722142547333433
nahida_kokomi_raiden,superconduct_aggro,100,58,42,0,0,58.0,100,0.58,0.48206307998895276,0.672017750814887
nahida_kokomi_raiden,superconduct_mika_attack,100,72,28,0,0,72.0,100,0.72,0.6251178763865427,0.7986044083240164
nahida_kokomi_raiden,trial_skirk_ayaka_navia,100,82,18,0,0,82.0,100,0.82,0.7333246397578691,0.8829986834574896
nahida_kokomi_raiden,unyielding_geo,100,16,82,2,0,17.0,100,0.17,0.10893476059773154,0.25548181233642975
nahida_kokomi_raiden,yelan_clorinde_ororon,100,66,34,0,0,66.0,100,0.66,0.5627754565831095,0.74538620502457
natlan_battleship,aywolfskirk,100,8,92,0,0,8.0,100,0.08,0.04109296948581091,0.14998266879403072
natlan_battleship,beidou_skirk_ayaka,100,58,30,12,0,64.0,100,0.64,0.542352199811621,0.7272892540950986
natlan_battleship,double_geo_navia,100,4,94,2,0,5.0,100,0.05,0.02154336145631356,0.11175196527208817
natlan_battleship,dual_mualani_stacks,100,14,86,0,0,14.0,100,0.14,0.08526265754464905,0.22137360383807236
natlan_battleship,dvalin_bonk,100,6,94,0,0,6.0,100,0.06,0.02778574526665662,0.12476968531222507
natlan_battleship,electro_manifestation_nuke,100,4,96,0,0,4.0,100,0.04,0.015663050551848016,0.09837217232607373
natlan_battleship,electrocharged_moon,100,2,98,0,0,2.0,100,0.02,0.005501852234968178,0.07001316294199367
natlan_battleship,ice_water_battleship,100,50,46,4,0,52.0,100,0.52,0.4231640509017654,0.6153561567991945
natlan_battleship,klee_mavuika_mualani,100,18,80,2,0,19.0,100,0.19,0.1251465399270426,0.27779024070807856
natlan_battleship,mualani_double_pyro,100,10,90,0,0,10.0,100,0.1,0.05522854161313613,0.1743673043676654
natlan_battleship,nahida_kokomi_raiden,100,0,98,2,0,1.0,100,0.01,0.0017673865655472645,0.0544875247609346
natlan_battleship,natlan_battleship,100,28,28,44,0,50.0,100,0.5,0.40382982859014716,0.5961701714098528
natlan_battleship,shenhe_double_swirl,100,2,96,2,0,3.0,100,0.03,0.010254338223414816,0.08452078080402699
natlan_battleship,skirk_ayaka_navia,100,54,40,6,0,57.0,100,0.57,0.4721521169586435,0.6626686099947162
natlan_battleship,skirk_chasca_freeze,100,76,24,0,0,76.0,100,0.76,0.6676748127670786,0.8330878873454004
natlan_battleship,superconduct_aggro,100,22,78,0,0,22.0,100,0.22,0.15001174503655804,0.3107053471500031
natlan_battleship,superconduct_mika_attack,100,8,92,0,0,8.0,100,0.08,0.04109296948581091,0.14998266879403072
natlan_battleship,trial_skirk_ayaka_navia,100,44,50,6,0,47.0,100,0.47,0.3751065198210374,0.5671131686275227
natlan_battleship,unyielding_geo,100,2,96,2,0,3.0,100,0.03,0.010254338223414816,0.08452078080402699
natlan_battleship,yelan_clorinde_ororon,100,22,76,2,0,23.0,100,0.23,0.15843154746876406,0.32154564856827694
shenhe_double_swirl,aywolfskirk,100,74,26,0,0,74.0,100,0.74,0.6462882736813838,0.8159542187301354
shenhe_double_swirl,beidou_skirk_ayaka,100,90,8,2,0,91.0,100,0.91,0.8377362530335634,0.9519280048361151
shenhe_double_swirl,double_geo_navia,100,62,38,0,0,62.0,100,0.62,0.5220957382071033,0.7090255079986562
shenhe_double_swirl,dual_mualani_stacks,100,42,58,0,0,42.0,100,0.42,0.32798224918511304,0.5179369200110473
shenhe_double_swirl,dvalin_bonk,100,44,56,0,0,44.0,100,0.44,0.34671865400968327,0.537720722887437
shenhe_double_swirl,electro_manifestation_nuke,100,58,42,0,0,58.0,100,0.58,0.48206307998895276,0.672017750814887
shenhe_double_swirl,electrocharged_moon,100,56,44,0,0,56.0,100,0.56,0.4622792771125631,0.6532813459903167
shenhe_double_swirl,ice_water_battleship,100,94,6,0,0,94.0,100,0.94,0.8752303146877748,0.9722142547333433
shenhe_double_swirl,klee_mavuika_mualani,100,66,34,0,0,66.0,100,0.66,0.5627754565831095,0.74538620502457
shenhe_double_swirl,mualani_double_pyro,100,68,32,0,0,68.0,100,0.68,0.5833719774632081,0.7633098918454312
shenhe_double_swirl,nahida_kokomi_raiden,100,66,34,0,0,66.0,100,0.66,0.5627754565831095,0.74538620502457
shenhe_double_swirl,natlan_battleship,100,96,4,0,0,96.0,100,0.96,0.9016278276739262,0.984336949448152
shenhe_double_swirl,shenhe_double_swirl,100,54,46,0,0,54.0,100,0.54,0.44264685393523856,0.6343935614666815
shenhe_double_swirl,skirk_ayaka_navia,100,98,2,0,0,98.0,100,0.98,0.9299868370580063,0.9944981477650318
shenhe_double_swirl,skirk_chasca_freeze,100,94,6,0,0,94.0,100,0.94,0.8752303146877748,0.9722142547333433
shenhe_double_swirl,superconduct_aggro,100,54,46,0,0,54.0,100,0.54,0.44264685393523856,0.6343935614666815
shenhe_double_swirl,superconduct_mika_attack,100,80,20,0,0,80.0,100,0.8,0.7111690380734977,0.8666340774409013
shenhe_double_swirl,trial_skirk_ayaka_navia,100,82,18,0,0,82.0,100,0.82,0.7333246397578691,0.8829986834574896
shenhe_double_swirl,unyielding_geo,100,32,68,0,0,32.0,100,0.32,0.2366901081545688,0.4166280225367919
shenhe_double_swirl,yelan_clorinde_ororon,100,88,12,0,0,88.0,100,0.88,0.8018773199709163,0.9300066263473222
skirk_ayaka_navia,aywolfskirk,100,6,94,0,0,6.0,100,0.06,0.02778574526665662,0.12476968531222507
skirk_ayaka_navia,beidou_skirk_ayaka,100,52,46,2,0,53.0,100,0.53,0.4328868313724773,0.6248934801789626
skirk_ayaka_navia,double_geo_navia,100,4,94,2,0,5.0,100,0.05,0.02154336145631356,0.11175196527208817
skirk_ayaka_navia,dual_mualani_stacks,100,10,90,0,0,10.0,100,0.1,0.05522854161313613,0.1743673043676654
skirk_ayaka_navia,dvalin_bonk,100,2,96,2,0,3.0,100,0.03,0.010254338223414816,0.08452078080402699
skirk_ayaka_navia,electro_manifestation_nuke,100,2,98,0,0,2.0,100,0.02,0.005501852234968178,0.07001316294199367
skirk_ayaka_navia,electrocharged_moon,100,0,100,0,0,0.0,100,0.0,0.0,0.03699480747600191
skirk_ayaka_navia,ice_water_battleship,100,36,64,0,0,36.0,100,0.36,0.2727107459049014,0.45764780018837914
skirk_ayaka_navia,klee_mavuika_mualani,100,14,86,0,0,14.0,100,0.14,0.08526265754464905,0.22137360383807236
skirk_ayaka_navia,mualani_double_pyro,100,4,92,4,0,6.0,100,0.06,0.02778574526665662,0.12476968531222507
skirk_ayaka_navia,nahida_kokomi_raiden,100,2,98,0,0,2.0,100,0.02,0.005501852234968178,0.07001316294199367
skirk_ayaka_navia,natlan_battleship,100,50,42,8,0,54.0,100,0.54,0.44264685393523856,0.6343935614666815
skirk_ayaka_navia,shenhe_double_swirl,100,8,92,0,0,8.0,100,0.08,0.04109296948581091,0.14998266879403072
skirk_ayaka_navia,skirk_ayaka_navia,100,40,50,10,0,45.0,100,0.45,0.3561437510640346,0.5475557296835656
skirk_ayaka_navia,skirk_chasca_freeze,100,44,54,2,0,45.0,100,0.45,0.3561437510640346,0.5475557296835656
skirk_ayaka_navia,superconduct_aggro,100,14,86,0,0,14.0,100,0.14,0.08526265754464905,0.22137360383807236
skirk_ayaka_navia,superconduct_mika_attack,100,2,98,0,0,2.0,100,0.02,0.005501852234968178,0.07001316294199367
skirk_ayaka_navia,trial_skirk_ayaka_navia,100,38,58,4,0,40.0,100,0.4,0.3093997461136028,0.4979992153815976
skirk_ayaka_navia,unyielding_geo,100,0,98,2,0,1.0,100,0.01,0.0017673865655472645,0.0544875247609346
skirk_ayaka_navia,yelan_clorinde_ororon,100,16,82,2,0,17.0,100,0.17,0.10893476059773154,0.25548181233642975
skirk_chasca_freeze,aywolfskirk,100,6,94,0,0,6.0,100,0.06,0.02778574526665662,0.12476968531222507
skirk_chasca_freeze,beidou_skirk_ayaka,100,40,60,0,0,40.0,100,0.4,0.3093997461136028,0.4979992153815976
skirk_chasca_freeze,double_geo_navia,100,4,96,0,0,4.0,100,0.04,0.015663050551848016,0.09837217232607373
skirk_chasca_freeze,dual_mualani_stacks,100,16,84,0,0,16.0,100,0.16,0.10095202349473717,0.24420444558894414
skirk_chasca_freeze,dvalin_bonk,100,2,98,0,0,2.0,100,0.02,0.005501852234968178,0.07001316294199367
skirk_chasca_freeze,electro_manifestation_nuke,100,8,92,0,0,8.0,100,0.08,0.04109296948581091,0.14998266879403072
skirk_chasca_freeze,electrocharged_moon,100,12,88,0,0,12.0,100,0.12,0.06999337365267776,0.19812268002908368
skirk_chasca_freeze,ice_water_battleship,100,52,48,0,0,52.0,100,0.52,0.4231640509017654,0.6153561567991945
skirk_chasca_freeze,klee_mavuika_mualani,100,12,86,2,0,13.0,100,0.13,0.07757093858414264,0.20980521894809878
skirk_chasca_freeze,mualani_double_pyro,100,22,78,0,0,22.0,100,0.22,0.15001174503655804,0.3107053471500031
skirk_chasca_freeze,nahida_kokomi_raiden,100,4,96,0,0,4.0,100,0.04,0.015663050551848016,0.09837217232607373
skirk_chasca_freeze,natlan_battleship,100,20,78,2,0,21.0,100,0.21,0.14165549531645788,0.2998014930196232
skirk_chasca_freeze,shenhe_double_swirl,100,4,96,0,0,4.0,100,0.04,0.015663050551848016,0.09837217232607373
skirk_chasca_freeze,skirk_ayaka_navia,100,46,52,2,0,47.0,100,0.47,0.3751065198210374,0.5671131686275227
skirk_chasca_freeze,skirk_chasca_freeze,100,52,48,0,0,52.0,100,0.52,0.4231640509017654,0.6153561567991945
skirk_chasca_freeze,superconduct_aggro,100,8,92,0,0,8.0,100,0.08,0.04109296948581091,0.14998266879403072
skirk_chasca_freeze,superconduct_mika_attack,100,8,92,0,0,8.0,100,0.08,0.04109296948581091,0.14998266879403072
skirk_chasca_freeze,trial_skirk_ayaka_navia,100,16,84,0,0,16.0,100,0.16,0.10095202349473717,0.24420444558894414
skirk_chasca_freeze,unyielding_geo,100,2,96,2,0,3.0,100,0.03,0.010254338223414816,0.08452078080402699
skirk_chasca_freeze,yelan_clorinde_ororon,100,12,86,2,0,13.0,100,0.13,0.07757093858414264,0.20980521894809878
superconduct_aggro,aywolfskirk,100,36,64,0,0,36.0,100,0.36,0.2727107459049014,0.45764780018837914
superconduct_aggro,beidou_skirk_ayaka,100,90,10,0,0,90.0,100,0.9,0.8256326956323347,0.9447714583868639
superconduct_aggro,double_geo_navia,100,18,80,2,0,19.0,100,0.19,0.1251465399270426,0.27779024070807856
superconduct_aggro,dual_mualani_stacks,100,26,74,0,0,26.0,100,0.26,0.18404578126986462,0.35371172631861636
superconduct_aggro,dvalin_bonk,100,22,78,0,0,22.0,100,0.22,0.15001174503655804,0.3107053471500031
superconduct_aggro,electro_manifestation_nuke,100,50,50,0,0,50.0,100,0.5,0.40382982859014716,0.5961701714098528
superconduct_aggro,electrocharged_moon,100,28,72,0,0,28.0,100,0.28,0.2013955916759837,0.37488212361345724
superconduct_aggro,ice_water_battleship,100,96,4,0,0,96.0,100,0.96,0.9016278276739262,0.984336949448152
superconduct_aggro,klee_mavuika_mualani,100,48,52,0,0,48.0,100,0.48,0.38464384320080547,0.5768359490982345
superconduct_aggro,mualani_double_pyro,100,40,60,0,0,40.0,100,0.4,0.3093997461136028,0.4979992153815976
superconduct_aggro,nahida_kokomi_raiden,100,34,66,0,0,34.0,100,0.34,0.25461379497543,0.43722454341689065
superconduct_aggro,natlan_battleship,100,88,12,0,0,88.0,100,0.88,0.8018773199709163,0.9300066263473222
superconduct_aggro,shenhe_double_swirl,100,48,52,0,0,48.0,100,0.48,0.38464384320080547,0.5768359490982345
superconduct_aggro,skirk_ayaka_navia,100,88,12,0,0,88.0,100,0.88,0.8018773199709163,0.9300066263473222
superconduct_aggro,skirk_chasca_freeze,100,94,6,0,0,94.0,100,0.94,0.8752303146877748,0.9722142547333433
superconduct_aggro,superconduct_aggro,100,52,48,0,0,52.0,100,0.52,0.4231640509017654,0.6153561567991945
superconduct_aggro,superconduct_mika_attack,100,56,44,0,0,56.0,100,0.56,0.4622792771125631,0.6532813459903167
superconduct_aggro,trial_skirk_ayaka_navia,100,70,30,0,0,70.0,100,0.7,0.6041496156718804,0.7810524613377188
superconduct_aggro,unyielding_geo,100,10,90,0,0,10.0,100,0.1,0.05522854161313613,0.1743673043676654
superconduct_aggro,yelan_clorinde_ororon,100,64,36,0,0,64.0,100,0.64,0.542352199811621,0.7272892540950986
superconduct_mika_attack,aywolfskirk,100,46,54,0,0,46.0,100,0.46,0.36560643853331865,0.5573531460647615
superconduct_mika_attack,beidou_skirk_ayaka,100,78,22,0,0,78.0,100,0.78,0.6892946528499969,0.849988254963442
superconduct_mika_attack,double_geo_navia,100,32,68,0,0,32.0,100,0.32,0.2366901081545688,0.4166280225367919
superconduct_mika_attack,dual_mualani_stacks,100,66,34,0,0,66.0,100,0.66,0.5627754565831095,0.74538620502457
superconduct_mika_attack,dvalin_bonk,100,26,74,0,0,26.0,100,0.26,0.18404578126986462,0.35371172631861636
superconduct_mika_attack,electro_manifestation_nuke,100,34,66,0,0,34.0,100,0.34,0.25461379497543,0.43722454341689065
superconduct_mika_attack,electrocharged_moon,100,28,72,0,0,28.0,100,0.28,0.2013955916759837,0.37488212361345724
superconduct_mika_attack,ice_water_battleship,100,90,10,0,0,90.0,100,0.9,0.8256326956323347,0.9447714583868639
superconduct_mika_attack,klee_mavuika_mualani,100,50,50,0,0,50.0,100,0.5,0.40382982859014716,0.5961701714098528
superconduct_mika_attack,mualani_double_pyro,100,68,32,0,0,68.0,100,0.68,0.5833719774632081,0.7633098918454312
superconduct_mika_attack,nahida_kokomi_raiden,100,38,62,0,0,38.0,100,0.38,0.2909744920013438,0.47790426179289663
superconduct_mika_attack,natlan_battleship,100,82,18,0,0,82.0,100,0.82,0.7333246397578691,0.8829986834574896
superconduct_mika_attack,shenhe_double_swirl,100,40,60,0,0,40.0,100,0.4,0.3093997461136028,0.4979992153815976
superconduct_mika_attack,skirk_ayaka_navia,100,92,8,0,0,92.0,100,0.92,0.8500173312059693,0.9589070305141891
superconduct_mika_attack,skirk_chasca_freeze,100,92,8,0,0,92.0,100,0.92,0.8500173312059693,0.9589070305141891
superconduct_mika_attack,superconduct_aggro,100,42,58,0,0,42.0,100,0.42,0.32798224918511304,0.5179369200110473
superconduct_mika_attack,superconduct_mika_attack,100,60,40,0,0,60.0,100,0.6,0.5020007846184025,0.6906002538863971
superconduct_mika_attack,trial_skirk_ayaka_navia,100,70,30,0,0,70.0,100,0.7,0.6041496156718804,0.7810524613377188
superconduct_mika_attack,unyielding_geo,100,30,70,0,0,30.0,100,0.3,0.21894753866228117,0.39585038432811953
superconduct_mika_attack,yelan_clorinde_ororon,100,68,32,0,0,68.0,100,0.68,0.5833719774632081,0.7633098918454312
trial_skirk_ayaka_navia,aywolfskirk,100,36,64,0,0,36.0,100,0.36,0.2727107459049014,0.45764780018837914
trial_skirk_ayaka_navia,beidou_skirk_ayaka,100,74,20,6,0,77.0,100,0.77,0.6784543514317231,0.841568452531236
trial_skirk_ayaka_navia,double_geo_navia,100,20,78,2,0,21.0,100,0.21,0.14165549531645788,0.2998014930196232
trial_skirk_ayaka_navia,dual_mualani_stacks,100,40,60,0,0,40.0,100,0.4,0.3093997461136028,0.4979992153815976
trial_skirk_ayaka_navia,dvalin_bonk,100,12,88,0,0,12.0,100,0.12,0.06999337365267776,0.19812268002908368
trial_skirk_ayaka_navia,electro_manifestation_nuke,100,16,84,0,0,16.0,100,0.16,0.10095202349473717,0.24420444558894414
trial_skirk_ayaka_navia,electrocharged_moon,100,34,66,0,0,34.0,100,0.34,0.25461379497543,0.43722454341689065
trial_skirk_ayaka_navia,ice_water_battleship,100,80,18,2,0,81.0,100,0.81,0.7222097592919214,0.8748534600729574
trial_skirk_ayaka_navia,klee_mavuika_mualani,100,60,40,0,0,60.0,100,0.6,0.5020007846184025,0.6906002538863971
trial_skirk_ayaka_navia,mualani_double_pyro,100,26,72,2,0,27.0,100,0.27,0.1926946091766482,0.3643230022623127
trial_skirk_ayaka_navia,nahida_kokomi_raiden,100,30,68,2,0,31.0,100,0.31,0.22779563206132378,0.40626239477955695
trial_skirk_ayaka_navia,natlan_battleship,100,64,32,4,0,66.0,100,0.66,0.5627754565831095,0.74538620502457
trial_skirk_ayaka_navia,shenhe_double_swirl,100,32,68,0,0,32.0,100,0.32,0.2366901081545688,0.4166280225367919
trial_skirk_ayaka_navia,skirk_ayaka_navia,100,72,28,0,0,72.0,100,0.72,0.6251178763865427,0.7986044083240164
trial_skirk_ayaka_navia,skirk_chasca_freeze,100,74,24,2,0,75.0,100,0.75,0.6569535362992417,0.8245490599627573
trial_skirk_ayaka_navia,superconduct_aggro,100,42,56,2,0,43.0,100,0.43,0.3373313900052838,0.5278478830413564
trial_skirk_ayaka_navia,superconduct_mika_attack,100,40,60,0,0,40.0,100,0.4,0.3093997461136028,0.4979992153815976
trial_skirk_ayaka_navia,trial_skirk_ayaka_navia,100,60,40,0,0,60.0,100,0.6,0.5020007846184025,0.6906002538863971
trial_skirk_ayaka_navia,unyielding_geo,100,6,92,2,0,7.0,100,0.07,0.034318824364064096,0.13749671006529757
trial_skirk_ayaka_navia,yelan_clorinde_ororon,100,46,52,2,0,47.0,100,0.47,0.3751065198210374,0.5671131686275227
unyielding_geo,aywolfskirk,100,82,18,0,0,82.0,100,0.82,0.7333246397578691,0.8829986834574896
unyielding_geo,beidou_skirk_ayaka,100,98,0,2,0,99.0,100,0.99,0.9455124752390653,0.9982326134344526
unyielding_geo,double_geo_navia,100,68,30,2,0,69.0,100,0.69,0.5937376052204429,0.7722043679386762
unyielding_geo,dual_mualani_stacks,100,90,8,2,0,91.0,100,0.91,0.8377362530335634,0.9519280048361151
unyielding_geo,dvalin_bonk,100,58,42,0,0,58.0,100,0.58,0.48206307998895276,0.672017750814887
unyielding_geo,electro_manifestation_nuke,100,72,28,0,0,72.0,100,0.72,0.6251178763865427,0.7986044083240164
unyielding_geo,electrocharged_moon,100,46,54,0,0,46.0,100,0.46,0.36560643853331865,0.5573531460647615
unyielding_geo,ice_water_battleship,100,98,0,2,0,99.0,100,0.99,0.9455124752390653,0.9982326134344526
unyielding_geo,klee_mavuika_mualani,100,96,2,2,0,97.0,100,0.97,0.915479219195973,0.9897456617765851
unyielding_geo,mualani_double_pyro,100,96,2,2,0,97.0,100,0.97,0.915479219195973,0.9897456617765851
unyielding_geo,nahida_kokomi_raiden,100,74,24,2,0,75.0,100,0.75,0.6569535362992417,0.8245490599627573
unyielding_geo,natlan_battleship,100,96,4,0,0,96.0,100,0.96,0.9016278276739262,0.984336949448152
unyielding_geo,shenhe_double_swirl,100,74,26,0,0,74.0,100,0.74,0.6462882736813838,0.8159542187301354
unyielding_geo,skirk_ayaka_navia,100,96,2,2,0,97.0,100,0.97,0.915479219195973,0.9897456617765851
unyielding_geo,skirk_chasca_freeze,100,98,0,2,0,99.0,100,0.99,0.9455124752390653,0.9982326134344526
unyielding_geo,superconduct_aggro,100,92,8,0,0,92.0,100,0.92,0.8500173312059693,0.9589070305141891
unyielding_geo,superconduct_mika_attack,100,78,22,0,0,78.0,100,0.78,0.6892946528499969,0.849988254963442
unyielding_geo,trial_skirk_ayaka_navia,100,96,2,2,0,97.0,100,0.97,0.915479219195973,0.9897456617765851
unyielding_geo,unyielding_geo,100,50,48,2,0,51.0,100,0.51,0.4134784047743415,0.6057816990761385
unyielding_geo,yelan_clorinde_ororon,100,92,6,2,0,93.0,100,0.93,0.8625032899347026,0.9656811756359359
yelan_clorinde_ororon,aywolfskirk,100,44,56,0,0,44.0,100,0.44,0.34671865400968327,0.537720722887437
yelan_clorinde_ororon,beidou_skirk_ayaka,100,70,28,2,0,71.0,100,0.71,0.6146092505999207,0.7898529302601586
yelan_clorinde_ororon,double_geo_navia,100,30,68,2,0,31.0,100,0.31,0.22779563206132378,0.40626239477955695
yelan_clorinde_ororon,dual_mualani_stacks,100,46,54,0,0,46.0,100,0.46,0.36560643853331865,0.5573531460647615
yelan_clorinde_ororon,dvalin_bonk,100,12,88,0,0,12.0,100,0.12,0.06999337365267776,0.19812268002908368
yelan_clorinde_ororon,electro_manifestation_nuke,100,20,80,0,0,20.0,100,0.2,0.1333659225590988,0.28883096192650237
yelan_clorinde_ororon,electrocharged_moon,100,40,60,0,0,40.0,100,0.4,0.3093997461136028,0.4979992153815976
yelan_clorinde_ororon,ice_water_battleship,100,84,16,0,0,84.0,100,0.84,0.7557955544110557,0.8990479765052628
yelan_clorinde_ororon,klee_mavuika_mualani,100,38,60,2,0,39.0,100,0.39,0.300167219319702,0.48797163832501844
yelan_clorinde_ororon,mualani_double_pyro,100,50,48,2,0,51.0,100,0.51,0.4134784047743415,0.6057816990761385
yelan_clorinde_ororon,nahida_kokomi_raiden,100,42,56,2,0,43.0,100,0.43,0.3373313900052838,0.5278478830413564
yelan_clorinde_ororon,natlan_battleship,100,74,24,2,0,75.0,100,0.75,0.6569535362992417,0.8245490599627573
yelan_clorinde_ororon,shenhe_double_swirl,100,30,70,0,0,30.0,100,0.3,0.21894753866228117,0.39585038432811953
yelan_clorinde_ororon,skirk_ayaka_navia,100,92,6,2,0,93.0,100,0.93,0.8625032899347026,0.9656811756359359
yelan_clorinde_ororon,skirk_chasca_freeze,100,76,24,0,0,76.0,100,0.76,0.6676748127670786,0.8330878873454004
yelan_clorinde_ororon,superconduct_aggro,100,42,56,2,0,43.0,100,0.43,0.3373313900052838,0.5278478830413564
yelan_clorinde_ororon,superconduct_mika_attack,100,46,54,0,0,46.0,100,0.46,0.36560643853331865,0.5573531460647615
yelan_clorinde_ororon,trial_skirk_ayaka_navia,100,66,34,0,0,66.0,100,0.66,0.5627754565831095,0.74538620502457
yelan_clorinde_ororon,unyielding_geo,100,20,78,2,0,21.0,100,0.21,0.14165549531645788,0.2998014930196232
yelan_clorinde_ororon,yelan_clorinde_ororon,100,46,52,2,0,47.0,100,0.47,0.3751065198210374,0.5671131686275227
